year,activity,ptf,index
2005,Agricultura,,100
2006,Agricultura,2.731897624932886,102.76955609626577
2007,Agricultura,2.323206842531002,105.18505533539621
2008,Agricultura,-2.892545664586325,102.18611158023585
2009,Agricultura,-2.590852329266908,99.57262234233238
2010,Agricultura,-1.477630430449354,98.1121239322482
2011,Agricultura,1.048826208660588,99.14656486304912
2012,Agricultura,1.952064286352201,101.10098323699958
2013,Agricultura,4.197681309931134,105.4352124699968
2014,Agricultura,1.787500963451692,107.33681283880122
2015,Agricultura,2.762916370718889,110.34378803353195
2016,Agricultura,1.258488630478841,111.74122692139302
2017,Agricultura,1.409865751323098,113.32778610692952
2018,Agricultura,0.9653513786288801,114.42709501225225
2019,Agricultura,2.965325833617302,117.87104097501668
2020,Agricultura,3.389846279710143,121.93518298577102
2021,Agricultura,1.204753520687161,123.41308606486041
2022,Agricultura,-0.8934836504422696,122.3153217934935
2023,Agricultura,0.4196019054416946,122.82963749902501
2024,Agricultura,3.80223132133859,127.58982770067063
2005,Minería,,100
2006,Minería,-3.132700869851751,96.91585979602645
2007,Minería,-4.324306909079369,92.81424296102914
2008,Minería,-2.773676452773486,90.27525064956468
2009,Minería,7.47984825443352,97.28665495762267
2010,Minería,-1.436831008686941,95.89880454098265
2011,Minería,0.6739551271593776,96.54730228833411
2012,Minería,-0.447550476814877,96.1161698638383
2013,Minería,-2.015863651162977,94.19799775675983
2014,Minería,-7.472051244634315,87.41600711614689
2015,Minería,-3.415592255890976,84.48064806183936
2016,Minería,-1.884536099711061,82.90348750862525
2017,Minería,-3.905633942038841,79.72799594651103
2018,Minería,-4.47748708434442,76.23692457917478
2019,Minería,-1.079371321192514,75.41847010663773
2020,Minería,-8.483295101509748,69.28436417976783
2021,Minería,-2.474676532535527,67.59084131077357
2022,Minería,-1.176746730117744,66.80012975631874
2023,Minería,-0.6001539964622307,66.40042672452786
2024,Minería,-2.330699844728882,64.87072767446449
2005,Manufactura,,100
2006,Manufactura,2.553355351769602,102.58623269827154
2007,Manufactura,0.007352163992550231,102.59377528360152
2008,Manufactura,-1.336646828157722,101.23158297154593
2009,Manufactura,-2.243911980422449,98.98533155639717
2010,Manufactura,-1.13392960469398,97.8692473410232
2011,Manufactura,-0.3094782491891603,97.56683150484523
2012,Manufactura,-0.8681517368122245,96.72346949049218
2013,Manufactura,-0.3658403928904055,96.37026245064321
2014,Manufactura,-0.8482892953277448,95.55622142333335
2015,Manufactura,-1.015543048457428,94.59071771012943
2016,Manufactura,0.4785829203743972,95.04449772004088
2017,Manufactura,-0.7413111430048136,94.34252737450845
2018,Manufactura,-0.1244861122196323,94.22515710001318
2019,Manufactura,-0.01082758408335449,94.21495534421231
2020,Manufactura,-1.930024983786335,92.41401833836909
2021,Manufactura,3.971828176181219,96.1584125782365
2022,Manufactura,-0.5837025630257742,95.59876837718785
2023,Manufactura,-1.039587191784061,94.61008384875188
2024,Manufactura,-1.195620071694396,93.48564211687884
2005,"Electricidad, gas y agua",,100
2006,"Electricidad, gas y agua",1.298625051503958,101.30709380604223
2007,"Electricidad, gas y agua",0.4591468373219634,101.77331161635055
2008,"Electricidad, gas y agua",-1.450842986662372,100.30740041119424
2009,"Electricidad, gas y agua",-0.1068556254839663,100.20027355680654
2010,"Electricidad, gas y agua",-1.781737834070235,98.43077806988802
2011,"Electricidad, gas y agua",-1.885836348836071,96.59192802659926
2012,"Electricidad, gas y agua",-0.6530209466856807,95.96321754355895
2013,"Electricidad, gas y agua",-0.2332157642015922,95.73967695967181
2014,"Electricidad, gas y agua",-1.24565312425305,94.55448966867587
2015,"Electricidad, gas y agua",-1.543882404429683,93.10589064635462
2016,"Electricidad, gas y agua",-1.405680943475681,91.80627451206814
2017,"Electricidad, gas y agua",-0.5646658872885291,91.28933665690705
2018,"Electricidad, gas y agua",-0.1995400957006175,91.10735944630791
2019,"Electricidad, gas y agua",0.02033753977293618,91.12589032607004
2020,"Electricidad, gas y agua",-0.8771261881283954,90.33009643818136
2021,"Electricidad, gas y agua",1.474460386710647,91.67184539758323
2022,"Electricidad, gas y agua",1.372060406158591,92.93830693243974
2023,"Electricidad, gas y agua",0.3562460571739474,93.26998643328078
2024,"Electricidad, gas y agua",0.9377115268507139,94.14870332313014
2005,Construcción,,100
2006,Construcción,2.202489191980401,102.2269230397439
2007,Construcción,-0.7637413976546483,101.44914758613996
2008,Construcción,2.942703423551406,104.47885413637931
2009,Construcción,-1.273374282883108,103.15688196647798
2010,Construcción,-4.045150293251145,99.06730349203471
2011,Construcción,-1.797824699690425,97.30216166189257
2012,Construcción,-1.587085875840158,95.77008266072073
2013,Construcción,2.74464359668742,98.43503452559388
2014,Construcción,0.0008095250582940139,98.4358313850899
2015,Construcción,-0.6957646025933855,97.75332678003947
2016,Construcción,-0.03753195565899592,97.71664492891584
2017,Construcción,-1.311985617985779,96.44298995563958
2018,Construcción,0.2993275297417135,96.73210285647131
2019,Construcción,-2.155008539843339,94.66981878886851
2020,Construcción,-9.761664221966765,85.86519820659683
2021,Construcción,-2.709261822021173,83.57011545630097
2022,Construcción,0.7594919834269636,84.207240176728
2023,Construcción,-1.415255627508405,83.02388596646455
2024,Construcción,0.5336129650584118,83.46809631403332
2005,"Comercio, hoteles y restaurantes",,100
2006,"Comercio, hoteles y restaurantes",4.393378962035465,104.49131685004578
2007,"Comercio, hoteles y restaurantes",0.1205458813605063,104.61735277918645
2008,"Comercio, hoteles y restaurantes",-0.3059487509157224,104.29776642962938
2009,"Comercio, hoteles y restaurantes",-0.8667333601195416,103.39768916376629
2010,"Comercio, hoteles y restaurantes",-0.6030235193831022,102.77605296958818
2011,"Comercio, hoteles y restaurantes",1.572113705527552,104.4045769675745
2012,"Comercio, hoteles y restaurantes",0.5944412202015918,105.02704909131702
2013,"Comercio, hoteles y restaurantes",1.432043931337711,106.54190337537626
2014,"Comercio, hoteles y restaurantes",1.952494208810829,108.642568819504
2015,"Comercio, hoteles y restaurantes",3.511944102071161,112.52582488085436
2016,"Comercio, hoteles y restaurantes",0.05446474834625281,112.58712848111062
2017,"Comercio, hoteles y restaurantes",0.9996880238608787,113.71829315937862
2018,"Comercio, hoteles y restaurantes",1.242190422264866,115.13970092359509
2019,"Comercio, hoteles y restaurantes",0.06304138586469277,115.21230947105039
2020,"Comercio, hoteles y restaurantes",1.953203178637931,117.48476051018892
2021,"Comercio, hoteles y restaurantes",6.420836065770416,125.27570996036876
2022,"Comercio, hoteles y restaurantes",0.5579108185024388,125.97659002405209
2023,"Comercio, hoteles y restaurantes",-3.489136011462874,121.65689372196286
2024,"Comercio, hoteles y restaurantes",-0.09326703363218547,121.54348084261473
2005,Transporte y comunicaciones,,100
2006,Transporte y comunicaciones,0.844033398247376,100.8476054026985
2007,Transporte y comunicaciones,-1.266182576094153,99.57874061926425
2008,Transporte y comunicaciones,-0.7215951766155886,98.86277153591095
2009,Transporte y comunicaciones,-4.614811382471736,94.40411172565608
2010,Transporte y comunicaciones,1.395843991272702,95.7310855434987
2011,Transporte y comunicaciones,2.363843860762408,98.02097703467712
2012,Transporte y comunicaciones,0.001877170370519821,98.02281707268517
2013,Transporte y comunicaciones,3.086188211600319,101.09515084795991
2014,Transporte y comunicaciones,-0.2565072206131145,100.8361667847572
2015,Transporte y comunicaciones,-0.8220538651203575,100.01063697702466
2016,Transporte y comunicaciones,-0.2149464472042305,99.79589853501999
2017,Transporte y comunicaciones,0.477430042363971,100.27349331897418
2018,Transporte y comunicaciones,1.394856333770233,101.68196473175541
2019,Transporte y comunicaciones,0.06996641145780869,101.75313284756314
2020,Transporte y comunicaciones,-1.071150570203915,100.66902018989792
2021,Transporte y comunicaciones,0.3587370035522532,101.03080575779381
2022,Transporte y comunicaciones,2.453327082308974,103.54007632849131
2023,Transporte y comunicaciones,-2.502589639302834,100.98104765658877
2024,Transporte y comunicaciones,1.149510533655444,102.14853276285447
2005,Finanzas e inmobiliarias,,100
2006,Finanzas e inmobiliarias,1.429880416572186,101.44015210583323
2007,Finanzas e inmobiliarias,-5.517098662999077,95.99518207827649
2008,Finanzas e inmobiliarias,-3.130106145545206,93.03697009548115
2009,Finanzas e inmobiliarias,1.781420136174772,94.70919991149407
2010,Finanzas e inmobiliarias,-0.8755149188567843,93.88362602155327
2011,Finanzas e inmobiliarias,-0.6831860217051045,93.24441220785305
2012,Finanzas e inmobiliarias,-0.8943863385913149,92.4141652656467
2013,Finanzas e inmobiliarias,-1.923851305058301,90.65324717625172
2014,Finanzas e inmobiliarias,0.5090571564940483,91.11590060469376
2015,Finanzas e inmobiliarias,1.61209709700093,92.59668113387481
2016,Finanzas e inmobiliarias,-3.575045430069326,89.34478248911488
2017,Finanzas e inmobiliarias,-0.9114071366321785,88.53418728764565
2018,Finanzas e inmobiliarias,-0.06093497941928661,88.48025543219417
2019,Finanzas e inmobiliarias,0.1063362877133422,88.57439209302495
2020,Finanzas e inmobiliarias,0.6845146278142356,89.18277662842998
2021,Finanzas e inmobiliarias,-6.700988681017407,83.40248015623173
2022,Finanzas e inmobiliarias,0.28125281628314,83.63738215992585
2023,Finanzas e inmobiliarias,-0.1634304909659878,83.5008048105464
2024,Finanzas e inmobiliarias,0.4076931953080921,83.8419268028688
2005,Servicios sociales,,100
2006,Servicios sociales,3.130162672033309,103.17966744024432
2007,Servicios sociales,-2.698907028364784,100.432186889021
2008,Servicios sociales,1.422997835512152,101.8715515100399
2009,Servicios sociales,0.5441217409924994,102.42736755633693
2010,Servicios sociales,0.1625002093923058,102.59394755285622
2011,Servicios sociales,1.07900877130184,103.70693908549916
2012,Servicios sociales,1.397321476764957,105.16623016819631
2013,Servicios sociales,-0.3560353916220773,104.79246692829248
2014,Servicios sociales,-1.682766849357254,103.04380822254515
2015,Servicios sociales,1.366675099229038,104.4617495461177
2016,Servicios sociales,-0.2901764827156512,104.1590654868693
2017,Servicios sociales,3.203928254913168,107.55028321771904
2018,Servicios sociales,0.484025651499655,108.07211606036664
2019,Servicios sociales,1.22946186677786,109.40902305653749
2020,Servicios sociales,2.264607604362762,111.91497601703237
2021,Servicios sociales,0.09759719797223987,112.02425521578004
2022,Servicios sociales,-0.6500565364832234,111.29839602592988
2023,Servicios sociales,3.47272225290181,115.23137567157325
2024,Servicios sociales,2.744973157275121,118.43825868169309
2005,Total de la economía,,100
2006,Total de la economía,2.205996411408322,102.23050842512262
2007,Total de la economía,-1.386751411319521,100.8226099948465
2008,Total de la economía,-0.8025167062472658,100.01672969309863
2009,Total de la economía,-0.5678534418132021,99.45039076054242
2010,Total de la economía,-0.929584553144964,98.5301988970504
2011,Total de la economía,0.2752486512386846,98.80177552462007
2012,Total de la economía,-0.1579749693463642,98.64581667043178
2013,Total de la economía,0.306614560825448,98.94874327921006
2014,Total de la economía,-0.7006231912463368,98.25790833718966
2015,Total de la economía,0.3862721610498867,98.63818526224388
2016,Total de la economía,-0.5792483290867567,98.06847682850722
2017,Total de la economía,0.118901336283229,98.18515090770286
2018,Total de la economía,0.1551641099456086,98.33761727916196
2019,Total de la economía,0.1445613406672486,98.47987825949643
2020,Total de la economía,-0.7796008846031638,97.71511318844682
2021,Total de la economía,0.6143126189117988,98.31723702713076
2022,Total de la economía,0.04447767008751363,98.36097596976508
2023,Total de la economía,-0.5057410597271336,97.86477991873774
2024,Total de la economía,0.6230836420717408,98.47646302348147
