year,activity,gross_output_nominal_billion_cop,gross_output_share
2005,Agricultura,39926,0.06795729818421967
2005,Minería,31009,0.052779839187358304
2005,Manufactura,155579,0.26480810735367205
2005,"Electricidad, gas y agua",19103,0.032514859169792826
2005,Construcción,44649,0.07599622818782807
2005,"Comercio, hoteles y restaurantes",73072,0.12437448512040523
2005,Transporte y comunicaciones,51949,0.08842142171447245
2005,Finanzas e inmobiliarias,81260,0.13831112684590718
2005,Servicios sociales,90969,0.1548366342363442
2006,Agricultura,42954,0.06434786256157045
2006,Minería,35926,0.05381946525089584
2006,Manufactura,179219,0.26848162174470586
2006,"Electricidad, gas y agua",20568,0.03081219064968061
2006,Construcción,53674,0.08040711400870076
2006,"Comercio, hoteles y restaurantes",83123,0.12452361548878849
2006,Transporte y comunicaciones,60288,0.0903153126161
2006,Finanzas e inmobiliarias,90278,0.13524226699104758
2006,Servicios sociales,101498,0.15205055068851045
2007,Agricultura,46679,0.0627350261939129
2007,Minería,37328,0.050167592659790934
2007,Manufactura,199190,0.26770474662193944
2007,"Electricidad, gas y agua",22446,0.030166678762367855
2007,Construcción,61450,0.08258675977668647
2007,"Comercio, hoteles y restaurantes",93172,0.125220074563278
2007,Transporte y comunicaciones,68214,0.09167735120271589
2007,Finanzas e inmobiliarias,102361,0.1375697854760196
2007,Servicios sociales,113226,0.1521719847432889
2008,Agricultura,51206,0.060939283261868975
2008,Minería,52463,0.06243521497026583
2008,Manufactura,218622,0.26017786949334687
2008,"Electricidad, gas y agua",24959,0.02970322952257524
2008,Construcción,74831,0.08905494484570006
2008,"Comercio, hoteles y restaurantes",102827,0.1223724501028825
2008,Transporte y comunicaciones,75735,0.09013077799159565
2008,Finanzas e inmobiliarias,116713,0.13889791366915036
2008,Servicios sociales,122923,0.14628831614261453
2009,Agricultura,52293,0.05994126574385262
2009,Minería,51447,0.05897153153814059
2009,Manufactura,213961,0.24525449218481346
2009,"Electricidad, gas y agua",28869,0.03309132007647833
2009,Construcción,80467,0.09223593656150132
2009,"Comercio, hoteles y restaurantes",105703,0.1211629015914645
2009,Transporte y comunicaciones,76763,0.08799019720221365
2009,Finanzas e inmobiliarias,129132,0.14801857854847067
2009,Servicios sociales,133769,0.15333377655306488
2010,Agricultura,53636,0.05660026930398848
2010,Minería,64103,0.06764574284423845
2010,Manufactura,232608,0.24546340969241096
2010,"Electricidad, gas y agua",30974,0.03268582186258743
2010,Construcción,81436,0.08593667557311518
2010,"Comercio, hoteles y restaurantes",114426,0.12074991452342058
2010,Transporte y comunicaciones,83400,0.08800921880738011
2010,Finanzas e inmobiliarias,141499,0.14931914211061725
2010,Servicios sociales,145546,0.15358980528224156
2011,Agricultura,59259,0.054667831506582665
2011,Minería,93531,0.08628456350330217
2011,Manufactura,265951,0.24534609860117731
2011,"Electricidad, gas y agua",33000,0.03044328185958636
2011,Construcción,94989,0.08762960304728026
2011,"Comercio, hoteles y restaurantes",128734,0.1187601650579391
2011,Transporte y comunicaciones,93736,0.0864736808603087
2011,Finanzas e inmobiliarias,155619,0.14356221453657483
2011,Servicios sociales,159164,0.1468325610272486
2012,Agricultura,60002,0.05165803862687179
2012,Minería,99552,0.08570816075101396
2012,Manufactura,275433,0.2371309048550911
2012,"Electricidad, gas y agua",36134,0.03110915582386229
2012,Construcción,105917,0.091188035019539
2012,"Comercio, hoteles y restaurantes",137509,0.11838680766545304
2012,Transporte y comunicaciones,100590,0.08660181503078286
2012,Finanzas e inmobiliarias,171533,0.14767938301695274
2012,Servicios sociales,174853,0.1505376992104332
2013,Agricultura,62583,0.050134904333280994
2013,Minería,104411,0.08364308991806405
2013,Manufactura,282065,0.22596075277258845
2013,"Electricidad, gas y agua",38956,0.031207441848541847
2013,Construcción,121421,0.09726970933082965
2013,"Comercio, hoteles y restaurantes",147365,0.118053308040106
2013,Transporte y comunicaciones,109560,0.08776792609421513
2013,Finanzas e inmobiliarias,187951,0.15056653411221094
2013,Servicios sociales,193980,0.15539633355016294
2014,Agricultura,67451,0.05027713508807499
2014,Minería,97802,0.07290039237200205
2014,Manufactura,296289,0.22085012939927728
2014,"Electricidad, gas y agua",42519,0.031693132893654066
2014,Construcción,140123,0.10444593853236174
2014,"Comercio, hoteles y restaurantes",159152,0.11862991806700139
2014,Transporte y comunicaciones,119924,0.08938985557370989
2014,Finanzas e inmobiliarias,207533,0.15469251273121923
2014,Servicios sociales,210791,0.1571209853426994
2015,Agricultura,77693,0.053918200732576325
2015,Minería,83746,0.05811892498101936
2015,Manufactura,319899,0.22200685384977328
2015,"Electricidad, gas y agua",49119,0.03408811735656258
2015,Construcción,152005,0.10549001972320884
2015,"Comercio, hoteles y restaurantes",176448,0.1224532285130144
2015,Transporte y comunicaciones,129920,0.0901632404357705
2015,Finanzas e inmobiliarias,220431,0.15297701087205454
2015,Servicios sociales,231681,0.1607844035360202
2016,Agricultura,89988,0.05829359663095816
2016,Minería,77051,0.04991309856883092
2016,Manufactura,343183,0.22231154567944741
2016,"Electricidad, gas y agua",53640,0.034747616607598744
2016,Construcción,164325,0.10644858499335688
2016,"Comercio, hoteles y restaurantes",198046,0.12829281280142618
2016,Transporte y comunicaciones,136530,0.08844317851296525
2016,Finanzas e inmobiliarias,232790,0.15079973285016612
2016,Servicios sociales,248150,0.16074983335525034
2017,Agricultura,93223,0.05760465765816981
2017,Minería,87006,0.05376302891139228
2017,Manufactura,348365,0.21526282746841793
2017,"Electricidad, gas y agua",53953,0.03333881225267622
2017,Construcción,162647,0.10050336026654737
2017,"Comercio, hoteles y restaurantes",211517,0.1307012687199844
2017,Transporte y comunicaciones,142012,0.0877525143296398
2017,Finanzas e inmobiliarias,249967,0.15446041707346614
2017,Servicios sociales,269634,0.16661311331970607
2018,Agricultura,97759,0.056413689231026694
2018,Minería,101914,0.05881141096257996
2018,Manufactura,367337,0.2119787984846168
2018,"Electricidad, gas y agua",59372,0.034261741190320244
2018,Construcción,167458,0.09663482207519786
2018,"Comercio, hoteles y restaurantes",225923,0.13037316167453886
2018,Transporte y comunicaciones,151276,0.08729669137483806
2018,Finanzas e inmobiliarias,269220,0.15535851854844063
2018,Servicios sociales,292636,0.16887116645844094
2019,Agricultura,107470,0.057859048316370065
2019,Minería,104633,0.056331681422599325
2019,Manufactura,391341,0.2106877996387511
2019,"Electricidad, gas y agua",67773,0.036487217656512035
2019,Construcción,170211,0.0916371682607022
2019,"Comercio, hoteles y restaurantes",244466,0.13161412585567808
2019,Transporte y comunicaciones,160121,0.0862049751136642
2019,Finanzas e inmobiliarias,287917,0.15500701232068784
2019,Servicios sociales,323513,0.17417097141503518
2020,Agricultura,118643,0.06773124892602672
2020,Minería,76193,0.04349727374915295
2020,Manufactura,372703,0.21276973499049195
2020,"Electricidad, gas y agua",72278,0.0412622675579289
2020,Construcción,129972,0.07419878025179358
2020,"Comercio, hoteles y restaurantes",235558,0.13447601236075454
2020,Transporte y comunicaciones,138908,0.07930018901929756
2020,Finanzas e inmobiliarias,290451,0.16581348231091078
2020,Servicios sociales,316967,0.18095101083364304
2021,Agricultura,145790,0.06812425819836827
2021,Minería,110593,0.05167752306010112
2021,Manufactura,482516,0.2254684448099586
2021,"Electricidad, gas y agua",80441,0.03758819846172537
2021,Construcción,146372,0.06839621319028438
2021,"Comercio, hoteles y restaurantes",324432,0.15159948786482622
2021,Transporte y comunicaciones,165469,0.0773197947721092
2021,Finanzas e inmobiliarias,315041,0.1472112931413138
2021,Servicios sociales,369406,0.17261478650131304
2022,Agricultura,199185,0.07446822431129464
2022,Minería,183283,0.06852302912592322
2022,Manufactura,607923,0.2272809013128256
2022,"Electricidad, gas y agua",98693,0.03689782093006302
2022,Construcción,172207,0.0643821045961047
2022,"Comercio, hoteles y restaurantes",425908,0.1592319325249134
2022,Transporte y comunicaciones,210621,0.07874374010427085
2022,Finanzas e inmobiliarias,351436,0.1313894865530243
2022,Servicios sociales,425509,0.1590827605415803
2023,Agricultura,211233,0.07437991211020029
2023,Minería,153080,0.05390292684300966
2023,Manufactura,619942,0.21829558579114905
2023,"Electricidad, gas y agua",121509,0.04278606439618017
2023,Construcción,185790,0.0654208569255472
2023,"Comercio, hoteles y restaurantes",440124,0.15497760500295782
2023,Transporte y comunicaciones,229455,0.08079629003633905
2023,Finanzas e inmobiliarias,384207,0.1352879658581932
2023,Servicios sociales,494580,0.17415279303642356
2024,Agricultura,235666,0.07820699935819195
2024,Minería,134302,0.04456882379216304
2024,Manufactura,625941,0.20772180707130442
2024,"Electricidad, gas y agua",138690,0.046025004629380736
2024,Construcción,200587,0.0665658490417016
2024,"Comercio, hoteles y restaurantes",463741,0.15389488551325728
2024,Transporte y comunicaciones,240640,0.07985764737193872
2024,Finanzas e inmobiliarias,418982,0.1390413763762867
2024,Servicios sociales,554813,0.18411760684577558
