year,activity_full,activity,production,labor_composition,hours,labor,capital_tic,capital_non_tic,capital,energy,materials,services,intermediate,factors,ptf
2005,"Agricultura, ganadería, caza, silvicultura y pesca",Agricultura,2.503260688008169,0.6494649989302956,2.89463278748248,3.5440977864127756,-0.0154096780074761,0.7366665990901702,0.7212569210826941,-0.2529506458399249,3.93115322391939,-0.8310041167507211,2.8471984613287438,7.112553168824213,-4.609292480816046
2005,Minería y extracción,Minería,3.664598198313129,1.346939783990083,-2.25462550111157,-0.9076857171214869,-0.06905988629349157,2.325969800931248,2.2569099146377565,-0.9168117156961578,0.1717259914105249,-1.524035425109195,-2.269121149394828,-0.9198969518785582,4.584495150191688
2005,Industrias manufactureras,Manufactura,4.123621676996692,-0.05416621483132015,0.617826681811413,0.5636604669800929,-0.03684033599721381,0.1281546941860641,0.09131435818885028,-1.297645298400336,4.402210721348513,-1.083605661595526,2.0209597613526507,2.6759345865215938,1.447687090475098
2005,"Electricidad, gas y agua","Electricidad, gas y agua",2.459442228354014,1.117490069666812,0.9376238805765064,2.055113950243318,-0.03332227184494787,0.7447317579285764,0.7114094860836285,-3.118990026788728,0.8305771994957472,1.638214216655476,-0.6501986106375048,2.116324825689442,0.3431174026645718
2005,Construcción,Construcción,8.419444403530196,-0.5111334041030898,1.796948769206753,1.2858153651036632,-0.02081398271732212,0.07303111769694909,0.05221713497962697,-0.2925366269889049,3.250591593523791,-2.224484601090003,0.7335703654448831,2.071602865528173,6.347841538002023
2005,"Comercio, hoteles y restaurantes","Comercio, hoteles y restaurantes",5.250468211289938,0.1364948052037576,1.039008227682206,1.1755030328859635,-0.002826338181838275,0.037005002653869,0.034178664472030724,-0.07313088093399563,3.61121579724708,-0.8256747568199868,2.7124101594930976,3.9220918568510914,1.328376354438846
2005,"Transporte, almacenamiento y comunicaciones",Transporte y comunicaciones,8.709013223948503,0.6350829302694819,2.920844518541726,3.5559274488112083,-0.1943315709859601,1.308704949433122,1.1143733784471619,-0.5678795833621351,1.388090580170803,1.174087405041498,1.994298401850166,6.664599229108536,2.044413994839967
2005,"Intermediación financiera, actividades inmobiliarias, empresariales y de alquiler",Finanzas e inmobiliarias,4.925332801038085,-0.2505702116669086,2.356742243851615,2.1061720321847064,-0.0710577447816395,3.016255682246714,2.9451979374650743,0.01449560364560355,0.07710095542772102,3.240892529808632,3.3324890888819567,8.383859058531737,-3.458526257493652
2005,"Actividades de servicios sociales, comunales y personales",Servicios sociales,6.478775798151926,1.663841891647351,1.984843815536439,3.64868570718379,-0.03408785709227329,0.1742267814999005,0.1401389244076272,0.0587103943922651,1.543434518224639,4.769664922987815,6.371809835604719,10.160634467196136,-3.68185866904421
2006,"Agricultura, ganadería, caza, silvicultura y pesca",Agricultura,2.211937060917002,0.07001964274060055,-2.220997633769351,-2.1509779910287503,-0.01663144248665242,0.7903359995706054,0.773704557083953,-0.07417352024318817,0.8436584839361352,0.08782790623596626,0.8573128699289133,-0.519960564015884,2.731897624932886
2006,Minería y extracción,Minería,1.941622547332322,-0.7022034249007744,2.04057548673839,1.3383720618376156,-0.1591680848415425,3.586313578533003,3.4271454936914605,0.374650035514222,-0.01479641070876733,-0.05104776315045715,0.3088058616549975,5.074323417184074,-3.132700869851751
2006,Industrias manufactureras,Manufactura,6.485864690916454,-0.02714149633842393,-0.8148134147050147,-0.8419549110434386,-0.01775203986214412,0.5902244211651487,0.5724723813030046,0.6604761492818959,3.340757361850859,0.2007583577545313,4.201991868887286,3.9325093391468524,2.553355351769602
2006,"Electricidad, gas y agua","Electricidad, gas y agua",3.820747142860714,-0.1798332177495445,-0.504449130186936,-0.6842823479364806,-0.03458669233386621,1.235178170715197,1.2005914783813307,2.064961548226143,-0.07207997494313047,0.0129313876288937,2.005812960911906,2.5221220913567564,1.298625051503958
2006,Construcción,Construcción,11.77404519622725,0.333128036555031,0.6047919420578196,0.9379199786128506,-0.02571513119694185,0.6175022232702342,0.5917870920732924,0.1366257663952629,5.99747909503234,1.907744072133098,8.0418489335607,9.571556004246844,2.202489191980401
2006,"Comercio, hoteles y restaurantes","Comercio, hoteles y restaurantes",7.985004192117273,0.2311364863733018,-0.682048722673604,-0.45091223630030214,0.01010200847517751,0.1709076225834295,0.181009631058607,0.1061992112496001,1.058006590220297,2.697322033853606,3.8615278353235034,3.591625230081808,4.393378962035465
2006,"Transporte, almacenamiento y comunicaciones",Transporte y comunicaciones,10.76235930039617,0.2803002996984458,1.786508345728584,2.0668086454270296,0.1552685864839704,2.463988837957017,2.6192574244409874,1.105528701970483,0.1984208745810534,3.928310255729244,5.23225983228078,9.918325902148798,0.844033398247376
2006,"Intermediación financiera, actividades inmobiliarias, empresariales y de alquiler",Finanzas e inmobiliarias,6.206342674998577,-0.7588697590319137,0.3755240871851465,-0.38334567184676716,-0.1552467011508415,3.132593202300189,2.9773465011493476,-0.01261239177033762,0.1773326508686602,2.017741170025488,2.1824614291238107,4.776462258426392,1.429880416572186
2006,"Actividades de servicios sociales, comunales y personales",Servicios sociales,4.64995293760504,1.448170073766326,-1.953115808002354,-0.5049457342360282,-0.03009218978675,0.2351930995510519,0.2051009097643019,0.006669806414813908,0.1776463314251095,1.635318952203533,1.8196350900434564,1.51979026557173,3.130162672033309
2007,"Agricultura, ganadería, caza, silvicultura y pesca",Agricultura,3.64150359399309,-0.8162752098068345,-0.04152578460687882,-0.8578009944137134,0.05999223878226221,0.9385859755463186,0.9985782143285808,0.1151369044825252,0.8867850740187213,0.1755975530459738,1.1775195315472202,1.3182967514620878,2.323206842531002
2007,Minería y extracción,Minería,1.869625670648567,0.3446124163948778,0.7444733408264363,1.0890857572213142,-0.1665714565812502,4.348463676420039,4.1818922198387884,0.3832602683762885,-0.1195282099072407,0.6592225441987862,0.922954602667834,6.193932579727936,-4.324306909079369
2007,Industrias manufactureras,Manufactura,6.530753554376734,0.2662586286769774,1.304853133458309,1.5711117621352864,-0.03138246492770765,1.140556366946228,1.1091739020185203,0.3197591563902546,2.370808422303498,1.152548147536624,3.8431157262303763,6.523401390384183,0.007352163992550231
2007,"Electricidad, gas y agua","Electricidad, gas y agua",4.072864127149423,0.1142028439227491,-0.09952242194861292,0.014680421974136174,-0.03725284780816875,1.616827479209489,1.5795746314013202,2.808240644296833,-0.03754324080077144,-0.751235167044059,2.0194622364520023,3.6137172898274588,0.4591468373219634
2007,Construcción,Construcción,6.205408681632107,0.09164790137694084,1.358941189538742,1.4505890909156829,-0.03309818333786507,1.580560440317772,1.547462256979907,0.05895209501336554,3.278771226058371,0.6333754103194289,3.971098731391166,6.969150079286756,-0.7637413976546483
2007,"Comercio, hoteles y restaurantes","Comercio, hoteles y restaurantes",7.187040076915263,0.3746049539836688,3.526244967227977,3.9008499212116456,0.04568433853572047,0.248839589642143,0.2945239281778635,0.1696855039561175,0.4207469389284267,2.280687903280704,2.871120346165248,7.066494195554757,0.1205458813605063
2007,"Transporte, almacenamiento y comunicaciones",Transporte y comunicaciones,9.858001624523549,-0.01356933712156686,5.11460389679193,5.101034559670364,0.2441433626567904,1.628254530239845,1.8723978928966354,0.844483214828213,0.2146127545493464,3.091655778673143,4.150751748050703,11.124184200617702,-1.266182576094153
2007,"Intermediación financiera, actividades inmobiliarias, empresariales y de alquiler",Finanzas e inmobiliarias,6.777810617738655,0.3189550235587106,6.545618912350595,6.864573935909306,-0.1259498193598006,3.4087798434897,3.282830024129899,0.0310629440907205,-0.04297108422457668,2.159413460832385,2.147505320698529,12.294909280737734,-5.517098662999077
2007,"Actividades de servicios sociales, comunales y personales",Servicios sociales,4.468219676041052,1.602432734005871,2.929860553310562,4.532293287316433,-0.02786105988956245,0.346975509183988,0.31911444929442556,0.0972915625835421,-0.2067170498967661,2.425144455108202,2.3157189677949783,7.167126704405836,-2.698907028364784
2008,"Agricultura, ganadería, caza, silvicultura y pesca",Agricultura,0.002142268019067473,0.8627225385358116,0.7131874123274282,1.57590995086324,-0.04171203018518505,0.8659077803262375,0.8241957501410524,0.1909303084773269,0.7892493683043247,-0.4855974451805512,0.4945822316011003,2.8946879326053927,-2.892545664586325
2008,Minería y extracción,Minería,9.185078757807652,1.383808935866611,1.780522400694911,3.164331336561522,0.6608794022435199,5.445492970718957,6.106372372962477,1.011654716163912,0.1036826476113777,1.57271413728185,2.6880515010571395,11.95875521058114,-2.773676452773486
2008,Industrias manufactureras,Manufactura,0.6275762901807092,0.2861285484214647,-0.1712844692244447,0.11484407919701997,0.008218755997202485,1.337731318717736,1.3459500747149384,0.3471958470046391,0.3186524569356485,-0.1624193395138156,0.503428964426472,1.9642231183384304,-1.336646828157722
2008,"Electricidad, gas y agua","Electricidad, gas y agua",0.1424691928794353,-0.04989747796275285,0.0356860737660432,-0.014211404196709652,-0.02174756751440983,1.54291582267383,1.5211682551594201,1.458187581756751,0.01130548701613643,-1.383137740193791,0.08635532857909634,1.5933121795418068,-1.450842986662372
2008,Construcción,Construcción,10.4388696135838,-0.2465360184593206,-0.01559538869526201,-0.2621314071545826,-0.0184751741596693,0.5021565376129855,0.4836813634533162,0.2176314821945488,4.398506643428669,2.658478108110444,7.274616233733662,7.496166190032396,2.942703423551406
2008,"Comercio, hoteles y restaurantes","Comercio, hoteles y restaurantes",3.823033559313416,0.452585536666871,1.325685792882551,1.778271329549422,0.04938302613898589,0.1374074676285912,0.18679049376757711,0.1761254116101001,1.029762285365466,0.9580327899365735,2.1639204869121396,4.128982310229139,-0.3059487509157224
2008,"Transporte, almacenamiento y comunicaciones",Transporte y comunicaciones,3.357263059007209,-0.2193861710681089,1.390118615896276,1.170732444828167,0.1695089402312998,0.7609486213967136,0.9304575616280134,0.9869285396344427,0.2828525309065028,0.7078871586256719,1.9776682291666174,4.078858235622798,-0.7215951766155886
2008,"Intermediación financiera, actividades inmobiliarias, empresariales y de alquiler",Finanzas e inmobiliarias,4.834300033692962,-0.2121608032730495,4.206840807001577,3.994680003728528,0.1106345084073738,2.27384944086316,2.3844839492705336,0.03069867243677094,0.07442261954220779,1.480120934260127,1.5852422262391057,7.964406179238168,-3.130106145545206
2008,"Actividades de servicios sociales, comunales y personales",Servicios sociales,3.393334654929259,1.012983858967127,-1.424368339832299,-0.4113844808651721,-0.02685751546758862,0.2308863309395538,0.20402881547196516,0.1106559589966092,0.5554202661573401,1.511616259656364,2.177692484810313,1.9703368194171063,1.422997835512152
2009,"Agricultura, ganadería, caza, silvicultura y pesca",Agricultura,-1.656022328489826,-0.6355591955731349,1.762816650342326,1.127257454769191,-0.02369117238446292,1.331757886893078,1.3080667145086151,0.04043580087845212,-1.361446808635548,-0.1794831607436276,-1.5004941685007234,0.9348300007770827,-2.590852329266908
2009,Minería y extracción,Minería,10.43268725845561,-0.6333619190907482,-2.169824174470773,-2.8031860935615214,0.2402434463681774,3.004779138784361,3.2450225851525385,0.4459435392490133,0.05833567847653815,2.00672329470552,2.5110025124310713,2.9528390040220884,7.47984825443352
2009,Industrias manufactureras,Manufactura,-4.119428161108374,-0.3631356019682916,0.3725093841322218,0.0093737821639302,-0.009845814151814422,1.010465383073433,1.0006195689216184,0.16462416519065,-2.829898787667986,-0.2202349092941371,-2.885509531771473,-1.8755161806859244,-2.243911980422449
2009,"Electricidad, gas y agua","Electricidad, gas y agua",2.882954470155052,-0.0198280142094158,0.06586408968577319,0.046036075476357394,-0.01817382447075628,1.492175641512695,1.4740018170419387,2.81008054535463,-0.3615207864143202,-0.9787875558195867,1.469772203120723,2.9898100956390192,-0.1068556254839663
2009,Construcción,Construcción,1.237189062747213,-0.5210050019142818,0.9440604927307383,0.42305549081645655,-0.01083927639184895,1.706237797184134,1.695398520792285,0.08037532732923448,-0.5078247087467492,0.8195587154390939,0.3921093340215791,2.5105633456303207,-1.273374282883108
2009,"Comercio, hoteles y restaurantes","Comercio, hoteles y restaurantes",-0.1781273740695255,-0.5971767825289275,1.50575769536005,0.9085809128311225,0,0,0,0.03162593089652087,-0.4957171798573987,0.2441163221797714,-0.21997492678110644,0.6886059860500161,-0.8667333601195416
2009,"Transporte, almacenamiento y comunicaciones",Transporte y comunicaciones,-4.191742053854242,0.0594741156700138,1.904926762456506,1.9644008781265199,-0.2456274899330718,0.6749714335119285,0.42934394357885663,0.3722276666254029,-0.3585960144805836,-1.984307145232702,-1.9706754930878825,0.423069328617494,-4.614811382471736
2009,"Intermediación financiera, actividades inmobiliarias, empresariales y de alquiler",Finanzas e inmobiliarias,3.301836952261183,-2.094478263259047,0.872154703341478,-1.222323559917569,-0.1374657908535355,2.069545102080167,1.9320793112266317,0.008844928575249125,-0.02374217529178635,0.8255583114938864,0.8106610647773491,1.5204168160864118,1.781420136174772
2009,"Actividades de servicios sociales, comunales y personales",Servicios sociales,2.907167496110219,-0.2272413249999735,1.193414654067363,0.9661733290673894,-0.003045194741076242,0.1093854801560985,0.10634028541502226,0.03162625617685885,-0.3374547667852199,1.596360651243669,1.290532140635308,2.3630457551177195,0.5441217409924994
2010,"Agricultura, ganadería, caza, silvicultura y pesca",Agricultura,0.5682483541499472,-0.01569332767833942,0.7221168741570042,0.7064235464786648,-0.007875020040009874,0.9653464538757595,0.9574714338357496,0.2012923635226936,-0.3049331399416094,0.4856245807038022,0.38198380428488643,2.045878784599301,-1.477630430449354
2010,Minería y extracción,Minería,10.04443751780562,1.3664019058649,4.064248745437144,5.430650651302044,0.4609746331895173,3.066293903471695,3.5272685366612127,0.5728844063379139,0.1771751114151589,1.773289820776227,2.5233493385293,11.481268526492556,-1.436831008686941
2010,Industrias manufactureras,Manufactura,2.402655258648156,0.2120926755062772,0.3440067421605215,0.5560994176667987,0.003771004665336043,1.132550854779035,1.1363218594443711,0.4567982711936659,1.269780749507992,0.1175845655293081,1.844163586230966,3.536584863342136,-1.13392960469398
2010,"Electricidad, gas y agua","Electricidad, gas y agua",1.611580278822089,-0.007170185061300537,1.751394622455481,1.7442244373941804,-0.003110441601595809,1.805001577509271,1.801891135907675,-0.5069422545302115,0.0928360480591962,0.2613087460614837,-0.15279746040953157,3.3933181128923238,-1.781737834070235
2010,Construcción,Construcción,-1.397167747813288,0.2942491815257104,1.710581468982176,2.0048306505078863,-0.005721481104593962,1.806469373102766,1.8007478919981719,0.01889765235427921,-0.2115257647666822,-0.964967884655799,-1.157595997068202,2.6479825454378565,-4.045150293251145
2010,"Comercio, hoteles y restaurantes","Comercio, hoteles y restaurantes",4.924821626701625,0.2414883974796689,3.067199700538586,3.308688098018255,0,0,0,0.03281334731939194,1.100528731522638,1.085814969224443,2.2191570480664726,5.5278451460847275,-0.6030235193831022
2010,"Transporte, almacenamiento y comunicaciones",Transporte y comunicaciones,10.06583545938478,0.4705596317538481,2.735387617227155,3.205947248981003,-0.014630538805216,0.4021984751298442,0.3875679363246282,0.7011660027489993,0.7154903734913807,3.659819906566061,5.076476282806441,8.669991468112073,1.395843991272702
2010,"Intermediación financiera, actividades inmobiliarias, empresariales y de alquiler",Finanzas e inmobiliarias,3.59889484425544,1.209650803645003,0.3957684238224584,1.6054192274674615,-0.005968033019168235,2.002105891527759,1.9961378585085907,0.000862465556297794,0.1668965805786818,0.705093631001193,0.8728526771361726,4.474409763112225,-0.8755149188567843
2010,"Actividades de servicios sociales, comunales y personales",Servicios sociales,4.517792958313471,0.1895815386198612,2.198803045562329,2.38838458418219,0,0,0,-0.001428619667066931,0.2651426672757443,1.703194117130298,1.9669081647389755,4.3552927489211655,0.1625002093923058
2011,"Agricultura, ganadería, caza, silvicultura y pesca",Agricultura,2.219937027671826,-0.222358248282799,-0.5290844880065659,-0.751442736289365,0.007934908013364323,0.9008057619690356,0.9087406699823999,0.1597752666886426,0.8890505935129932,-0.03501297488343274,1.0138128853182031,1.171110819011238,1.048826208660588
2011,Minería y extracción,Minería,13.14055991658751,1.275931411994933,1.830258694459875,3.1061901064548083,0.1547205951058349,6.089269613262388,6.243990208368223,0.8316913544543202,0.1319081926336662,2.152824927517119,3.1164244746051053,12.466604789428136,0.6739551271593776
2011,Industrias manufactureras,Manufactura,5.106219322171857,0.04519172876148528,0.8380830288287083,0.8832747575901936,0.007601065419899416,1.183606502144564,1.1912075675644636,0.6784877572521267,1.947303455811906,0.7154240331423265,3.3412152462063593,5.415697571361016,-0.3094782491891603
2011,"Electricidad, gas y agua","Electricidad, gas y agua",2.477607801171988,0.3864884643374915,0.865910289033677,1.2523987533711685,0.01285790866062335,2.007834263129661,2.0206921717902846,0.8229677489425388,0.1903037165205945,0.07708175938347409,1.0903532248466072,4.3634441500080605,-1.885836348836071
2011,Construcción,Construcción,8.091296078416477,0.01222800761278166,1.82254504279749,1.8347730504102717,0.01020268180111086,2.166200215800195,2.1764028976013057,0.1116895928636588,3.954113056002803,1.812142181228863,5.877944830095324,9.889120778106902,-1.797824699690425
2011,"Comercio, hoteles y restaurantes","Comercio, hoteles y restaurantes",6.519047678181522,-0.1460564393514067,2.063854952614744,1.9177985132633373,0,0,0,0.1117374458801302,0.7464574743859648,2.170940539124538,3.0291354593906332,4.94693397265397,1.572113705527552
2011,"Transporte, almacenamiento y comunicaciones",Transporte y comunicaciones,9.020774040892743,0.1261258096531501,1.046549037310284,1.172674846963434,0.0889227933270931,0.5304777109717633,0.6194005042988564,1.064754993093291,0.2591119424257858,3.540987893348968,4.864854828868045,6.6569301801303356,2.363843860762408
2011,"Intermediación financiera, actividades inmobiliarias, empresariales y de alquiler",Finanzas e inmobiliarias,6.568847805814571,-0.09689649305706283,2.457186370308516,2.360289877251453,0.08720443551330928,2.44851442905692,2.5357188645702293,0.02454740792463821,0.07093875385959159,2.260538923913763,2.356025085697993,7.252033827519675,-0.6831860217051045
2011,"Actividades de servicios sociales, comunales y personales",Servicios sociales,4.67445367446464,0.7381619215690784,1.370941615542984,2.1091035371120626,0,0,0,0.02731370950508885,0.175758618208233,1.283269038337416,1.4863413660507376,3.5954449031628,1.07900877130184
2012,"Agricultura, ganadería, caza, silvicultura y pesca",Agricultura,2.427311729180914,-0.04835329935479528,-0.9687657944145254,-1.0171190937693206,0.007515974457589445,0.6068116151912916,0.614327589648881,0.1497054431946424,0.545505317992573,0.1828281857619375,0.8780389469491529,0.47524744282871323,1.952064286352201
2012,Minería y extracción,Minería,4.429416464187597,-0.8661719854968619,-0.6339789560495476,-1.5001509415464094,0.3818840527716028,5.515362504011742,5.897246556783345,0.2116803391840487,-0.003235364239063889,0.2714263508205542,0.47987132576553904,4.8769669410024745,-0.447550476814877
2012,Industrias manufactureras,Manufactura,0.3408411708107906,-0.03935893394228643,0.07186816620883296,0.032509232266546534,0.009938834290402805,1.146969325880151,1.1569081601705538,0.009515695403762452,-0.009596326442079141,0.01965614622423126,0.01957551518591457,1.2089929076230148,-0.8681517368122245
2012,"Electricidad, gas y agua","Electricidad, gas y agua",2.973530916989908,-0.06803536194112383,-0.1612472888275597,-0.22928265076868354,0.01166568221422304,2.005905186360032,2.0175708685742553,1.973557982330083,0.177880140479799,-0.3131744769398651,1.838263645870017,3.626551863675589,-0.6530209466856807
2012,Construcción,Construcción,4.551496340281069,0.04290089750130658,1.280215553257234,1.3231164507585405,0.008838756477484009,2.381676249202712,2.390515005680196,0.0487459013519799,1.929888498441328,0.4463163598891828,2.4249507596824906,6.138582216121227,-1.587085875840158
2012,"Comercio, hoteles y restaurantes","Comercio, hoteles y restaurantes",3.6496086612261,-0.1069205877634853,1.491170124059848,1.3842495362963627,0,0,0,0.1057437171430049,0.2008173695314522,1.364356818053689,1.670917904728146,3.0551674410245084,0.5944412202015918
2012,"Transporte, almacenamiento y comunicaciones",Transporte y comunicaciones,2.414708155861511,-0.0271075418456002,1.088504058747838,1.061396516902238,0.1313716814516693,0.272920292051101,0.40429197350277035,0.6391178342757327,0.08186610919065095,0.2261585516195997,0.9471424950859832,2.4128309854909915,0.001877170370519821
2012,"Intermediación financiera, actividades inmobiliarias, empresariales y de alquiler",Finanzas e inmobiliarias,5.100954841830241,-0.7822501298836088,2.586797950911495,1.8045478210278865,0.137300352747464,2.262316790100725,2.399617142848189,0.02828923138006307,0.04009557310962684,1.722791412055791,1.791176216545481,5.995341180421557,-0.8943863385913149
2012,"Actividades de servicios sociales, comunales y personales",Servicios sociales,5.50934344110896,0.7185616143610916,0.6174453545739478,1.3360069689350393,6.604654257652819e-17,5.055741251944788e-16,5.716206677710069e-16,0.08769842637039219,0.08780369582167627,2.600512873216895,2.7760149954089632,4.112021964344003,1.397321476764957
2013,"Agricultura, ganadería, caza, silvicultura y pesca",Agricultura,5.931989292172268,0.09990292114106271,-0.5072298193824274,-0.4073268982413647,0.008221475845091067,0.6641451627698847,0.6723666386149757,0.1164859995099157,1.148592351030322,0.2041898913272853,1.469268241867523,1.734307982241134,4.197681309931134
2013,Minería y extracción,Minería,3.92678458073723,1.311019917543759,-0.8658546021068676,0.4451653154368913,0.4727645587980974,4.990337658704894,5.463102217502992,0.1502439506517888,-0.01542723866368846,-0.1004360130277752,0.034380698960325154,5.942648231900208,-2.015863651162977
2013,Industrias manufactureras,Manufactura,1.540174155857699,0.4819934590328042,-0.7188196868176155,-0.23682622778481133,0.01762387653185212,1.121708690143649,1.1393325666755012,0.5240442686311099,0.2325070997438194,0.2469568414824851,1.0035082098574142,1.9060145487481042,-0.3658403928904055
2013,"Electricidad, gas y agua","Electricidad, gas y agua",3.771982794594653,-0.07753575209534237,0.003528239608503423,-0.07400751248683896,0.01742237607978224,1.998650091114915,2.016072467194697,2.476292851076942,-0.05045395307967054,-0.3627052939088851,2.0631336040883865,4.005198558796245,-0.2332157642015922
2013,Construcción,Construcción,9.6170571444965,0.01122803755741554,-0.4307920832509653,-0.41956404569354977,0.006658704011810629,1.819616474127953,1.8262751781397637,0.08506652942928834,3.046402901780314,2.334232984153263,5.465702415362865,6.87241354780908,2.74464359668742
2013,"Comercio, hoteles y restaurantes","Comercio, hoteles y restaurantes",4.18645749807478,0.2830654850975311,0.9363396560986846,1.2194051411962157,0,0,0,0.04555516751943421,0.433032633439705,1.056420624581715,1.535008425540854,2.7544135667370697,1.432043931337711
2013,"Transporte, almacenamiento y comunicaciones",Transporte y comunicaciones,5.368728503847287,0.2742165068111925,-0.9450969890064006,-0.6708804821952081,0.2286461222291608,0.3354932956005676,0.5641394178297284,0.4742725894506525,-0.05436986537834863,1.969378632540144,2.3892813566124476,2.282540292246968,3.086188211600319
2013,"Intermediación financiera, actividades inmobiliarias, empresariales y de alquiler",Finanzas e inmobiliarias,4.922508236129364,0.9041935519063542,2.368722889873924,3.272916441780278,0.1964009530692399,2.194056330052272,2.390457283121512,0.00578311634297964,0.003866133663090435,1.173336566279804,1.1829858162858742,6.846359541187665,-1.923851305058301
2013,"Actividades de servicios sociales, comunales y personales",Servicios sociales,6.873471363057071,1.50505589385022,1.881042553125713,3.386098446975933,5.56262713479751e-17,7.921944526938658e-16,8.478207240418409e-16,0.08442947593656094,0.1690294840318295,3.589949347734824,3.843408307703214,7.229506754679148,-0.3560353916220773
2014,"Agricultura, ganadería, caza, silvicultura y pesca",Agricultura,2.557183832071175,-0.2049222977659499,-0.3615948423179039,-0.5665171400838538,0.007089445511711884,0.5397985501738416,0.5468879956855535,0.1157313495134695,0.1182283307447448,0.5553523327595692,0.7893120130177835,0.7696828686194832,1.787500963451692
2014,Minería y extracción,Minería,-2.202977536476869,1.569329598875586,-0.1578976817863749,1.4114319170892111,0.4482564663515059,4.763350466597277,5.211606932948783,-0.1754736071682067,-0.05834131866461243,-1.120150216047729,-1.353965141880548,5.269073708157446,-7.472051244634315
2014,Industrias manufactureras,Manufactura,0.9203612284743201,0.07014571271773028,0.4991585461521289,0.5693042588698591,0.01618634026462084,1.154471343828185,1.1706576840928058,-1.033433186423173,0.5636868734001307,0.4984348938624424,0.028688580839400124,1.768650523802065,-0.8482892953277448
2014,"Electricidad, gas y agua","Electricidad, gas y agua",5.483972451620112,0.1424652530869032,0.6067308339590236,0.7491960870459268,0.01721259678211071,2.032390487016812,2.0496030837989228,2.048368699884203,0.06194817783406299,1.820509527310047,3.930826405028313,6.729625575873162,-1.24565312425305
2014,Construcción,Construcción,8.799313094679917,0.1480914636148709,1.411440289452063,1.559531753066934,0.007064864535121224,1.82293603075335,1.8300008952884712,0.09962597667531885,2.894461366659457,2.414883577931441,5.408970921266217,8.798503569621623,0.0008095250582940139
2014,"Comercio, hoteles y restaurantes","Comercio, hoteles y restaurantes",4.26102240886177,-0.04358627198251713,0.6706176228255323,0.6270313508430152,0.001979322839416227,0.004006387554485413,0.00598571039390164,0.08650230837279073,0.5393947250604962,1.049614105380737,1.675511138814024,2.308528200050941,1.952494208810829
2014,"Transporte, almacenamiento y comunicaciones",Transporte y comunicaciones,4.291399971232046,0.5729145305916332,1.211749259713855,1.7846637903054883,0.3079847477278422,0.538845985643737,0.8468307333715792,0.4941997725012893,-0.02628078325197988,1.448493678918784,1.9164126681680933,4.547907191845161,-0.2565072206131145
2014,"Intermediación financiera, actividades inmobiliarias, empresariales y de alquiler",Finanzas e inmobiliarias,6.191105067172664,-0.05831375149186867,1.476812709072262,1.4184989575803935,0.1349553116931634,2.291032772351369,2.4259880840445325,0.03090905679928479,0.0838389897156451,1.722812822538761,1.8375608690536909,5.682047910678617,0.5090571564940483
2014,"Actividades de servicios sociales, comunales y personales",Servicios sociales,4.401123694153952,1.16766354342157,3.576822708453979,4.744486251875549,0.0008303444947546496,0.004608548229687095,0.005438892724441745,0.03729616652991944,0.02472854696092169,1.271940685420375,1.3339653989112161,6.083890543511207,-1.682766849357254
2015,"Agricultura, ganadería, caza, silvicultura y pesca",Agricultura,4.660559598596681,-0.1698427387052327,-0.5625665259289695,-0.7324092646342022,-0.005343459905956216,0.5751282529505268,0.5697847930445706,0.07972342571522038,1.606012049758777,0.3745322239934256,2.060267699467423,1.8976432278777917,2.762916370718889
2015,Minería y extracción,Minería,-0.6781495444389662,-0.2210445530933419,-0.3970404076984484,-0.6180849607917903,0.04163289877172184,3.360192738936506,3.4018256377082277,0.545034196380898,0.01210743596125577,-0.6034395978065819,-0.046297965464428104,2.7374427114520095,-3.415592255890976
2015,Industrias manufactureras,Manufactura,2.330465530253978,-0.04823463053174594,0.6761085375569432,0.6278739070251973,0.0146663938137152,0.9829037585360139,0.997570152349729,0.005084407544455998,1.627291074468659,0.08818903732336432,1.7205645193364794,3.346008578711406,-1.015543048457428
2015,"Electricidad, gas y agua","Electricidad, gas y agua",3.146202066399173,0.06563342603134775,-0.2366185828353298,-0.17098515680398205,-0.0007379788053507666,1.336077357774829,1.3353393789694783,1.287243928378749,0.5841143557421458,1.654371964542466,3.5257302486633604,4.6900844708288565,-1.543882404429683
2015,Construcción,Construcción,5.756590922360694,-0.120353847519144,3.102475629986619,2.982121782467475,-0.006578855822139919,0.102013889765019,0.09543503394287908,0.1217461729402812,2.081890717600573,1.17116181800287,3.3747987085437243,6.452355524954078,-0.6957646025933855
2015,"Comercio, hoteles y restaurantes","Comercio, hoteles y restaurantes",3.205947708883095,-0.3033147118650842,-1.585633902417081,-1.8889486142821652,0.02130361036746537,0.03768641654236882,0.05899002690983419,0.08148440263143626,0.9104870304997658,0.5319907610530625,1.5239621941842647,-0.30599639318806626,3.511944102071161
2015,"Transporte, almacenamiento y comunicaciones",Transporte y comunicaciones,2.01583449046181,0.0221961407673981,1.847156003739584,1.869352144506982,0.1181867287813294,0.1587996285759773,0.2769863573573067,-0.1015148284581617,0.218250911904872,0.5748137702711681,0.6915498537178784,2.8378883555821672,-0.8220538651203575
2015,"Intermediación financiera, actividades inmobiliarias, empresariales y de alquiler",Finanzas e inmobiliarias,2.351043875712389,-1.041005031764876,-0.8345591700314371,-1.8755642017963132,0.0424801210838438,2.362449253553482,2.4049293746373257,0.005625642555898479,0.1144230468958423,0.08953291641870488,0.20958160587044566,0.7389467787114583,1.61209709700093
2015,"Actividades de servicios sociales, comunales y personales",Servicios sociales,5.206248105566491,-0.3432445781224214,1.792055752048862,1.4488111739264407,-0.0002501245622037435,0.005753491506311856,0.005503366944108112,0.07002770637634653,0.8928454161993054,1.422385342891252,2.385258465466904,3.839573006337453,1.366675099229038
2016,"Agricultura, ganadería, caza, silvicultura y pesca",Agricultura,2.568006586502758,-0.3025582552048577,0.1237103137389103,-0.1788479414659474,0.00460409385008275,0.605663055077544,0.6102671489276268,0.04143450433146362,0.6291000007163727,0.2075642435144007,0.8780987485622371,1.3095179560239165,1.258488630478841
2016,Minería y extracción,Minería,-4.069960810439799,-0.9882957468195341,-0.7481841604696151,-1.7364799072891492,0.1723908898571765,1.890764713177658,2.0631556030348346,-0.5593867705932595,-0.2130025595234053,-1.739711076357759,-2.5121004064744237,-2.1854247107287383,-1.884536099711061
2016,Industrias manufactureras,Manufactura,2.323537526663877,0.03631272583099025,0.01496260605445687,0.051275331885447126,0.008069931548170123,0.4777425267241088,0.4858124582722789,0.7947314457470677,0.5252437225726926,-0.01210835218800648,1.3078668161317537,1.8449546062894797,0.4785829203743972
2016,"Electricidad, gas y agua","Electricidad, gas y agua",0.02646283513829673,0.1644836395223663,-0.05635427064159511,0.1081293688807712,0.004473816268148298,1.539097366940023,1.5435711832081713,-0.09772707978594593,-0.2472244234534221,0.1253947297644029,-0.2195567734749651,1.4321437786139775,-1.405680943475681
2016,Construcción,Construcción,2.478166217861588,0.1040848997437476,0.2220763884680079,0.3261612882117555,0.005956476093306213,1.056778215018936,1.0627346911122422,0.03566172741803371,0.1165021049509608,0.9746383618275919,1.1268021941965864,2.515698173520584,-0.03753195565899592
2016,"Comercio, hoteles y restaurantes","Comercio, hoteles y restaurantes",2.163473823621942,-0.2100834189809235,2.116208354122159,1.9061249351412355,0.01874582087556698,0.02160765952432704,0.04035348039989402,0.0225339350824867,0.7337378346316199,-0.5937411099795471,0.1625306597345595,2.109009075275689,0.05446474834625281
2016,"Transporte, almacenamiento y comunicaciones",Transporte y comunicaciones,-0.5154889256735018,0.1498223347295373,-0.4778369559347032,-0.3280146212051659,0.2708260720279873,0.2152480665039078,0.4860741385318951,0.1451297052425151,-0.130555699799254,-0.4731760012392616,-0.45860199579600053,-0.30054247846927135,-0.2149464472042305
2016,"Intermediación financiera, actividades inmobiliarias, empresariales y de alquiler",Finanzas e inmobiliarias,0.7754604156270162,0.1614735194438329,2.218201404889014,2.3796749243328468,0.02822449671964842,2.114745340082886,2.1429698368025343,0.009767141843653935,-0.005825624822272865,-0.1760804324604203,-0.17213891543903923,4.3505058456963415,-3.575045430069326
2016,"Actividades de servicios sociales, comunales y personales",Servicios sociales,2.61905025543685,1.052140987145822,1.408804725261276,2.4609457124070984,0,0,0,0,0.05690478952873057,0.3913762362166723,0.44828102574540285,2.909226738152501,-0.2901764827156512
2017,"Agricultura, ganadería, caza, silvicultura y pesca",Agricultura,4.916686302220352,-0.08627309834893854,1.477241599910589,1.3909685015616504,0.002915617837191898,0.6367442219957292,0.6396598398329211,0.1563899952743103,1.154598735497348,0.1652034787310244,1.4761922095026827,3.5068205508972543,1.409865751323098
2017,Minería y extracción,Minería,-4.553722914319724,-0.400993445885046,-0.270630338631261,-0.671623784516307,0.199365630402157,1.201757780489365,1.401123410891522,-0.02038151450169254,-0.1018958515712966,-1.25531123258311,-1.3775885986560992,-0.6480889722808841,-3.905633942038841
2017,Industrias manufactureras,Manufactura,-1.290404816407964,0.008147517090581431,-0.2864553011855944,-0.278307784095013,0.003578287620086074,0.4687092126329984,0.47228750025308447,0.2434841053262483,-0.8670358910238576,-0.1195216038636126,-0.7430733895612218,-0.5490936734031504,-0.7413111430048136
2017,"Electricidad, gas y agua","Electricidad, gas y agua",0.9001127909175288,-0.04169653668326522,0.2027339049638718,0.16103736828060658,0.001267599646327695,1.532365347864866,1.5336329475111936,-1.135441261649045,0.248378455184201,0.6571711688791017,-0.22989163758574238,1.4647786782060577,-0.5646658872885291
2017,Construcción,Construcción,-4.427004388496503,-0.01180612836479816,-0.5346621347640473,-0.5464682631288454,0.004539796351448765,1.059103807402289,1.0636436037537378,-0.1235260805144696,-1.404217105405922,-2.104450925215224,-3.6321941111356155,-3.1150187705107233,-1.311985617985779
2017,"Comercio, hoteles y restaurantes","Comercio, hoteles y restaurantes",2.035730591156604,-0.007674281039459547,-0.1609747260178455,-0.16864900705730504,0.1002519893204623,0.04677544074324368,0.14702743006370597,0.005424254634281121,0.1854025454589275,0.8668373441961154,1.057664144289324,1.036042567295725,0.9996880238608787
2017,"Transporte, almacenamiento y comunicaciones",Transporte y comunicaciones,0.475685104032042,-0.000531084043490991,-0.3085352371028363,-0.3090663211463273,0.3859320173481771,0.08845185530309137,0.47438387265126847,0.6906563286169666,-0.2116862538667071,-0.6460325645871295,-0.1670624898368701,-0.001744938331928958,0.477430042363971
2017,"Intermediación financiera, actividades inmobiliarias, empresariales y de alquiler",Finanzas e inmobiliarias,2.276816666406045,0.3775265414292628,0.6440980046200676,1.0216245460493303,0.0208310350687162,2.004112233036453,2.024943268105169,-0.03283272742877291,-0.09855228516678897,0.2730410014792863,0.14165598888372438,3.1882238030382237,-0.9114071366321785
2017,"Actividades de servicios sociales, comunales y personales",Servicios sociales,2.61432781914035,-0.6679601402526495,-0.6413873516077693,-1.3093474918604189,0,0,0,-0.01485999361062014,-0.0007773859608181854,0.7353844356590391,0.7197470560876008,-0.5896004357728181,3.203928254913168
2018,"Agricultura, ganadería, caza, silvicultura y pesca",Agricultura,1.921920462526394,0.0528363549642431,-0.3387385450239553,-0.2859021900597122,0.009109069620554614,0.3075745814227113,0.31668365104326596,-0.02508772481721951,0.6954528111601582,0.2554225365710216,0.9257876229139603,0.9565690838975142,0.9653513786288801
2018,Minería y extracción,Minería,-0.4607984560788481,1.209446157269503,1.532353281901528,2.741799439171031,-0.005323080605005201,1.062108295250039,1.0567852146450336,-1.318052006159392,0.1325452677459637,1.403610712862936,0.2181039744495077,4.016688628265572,-4.47748708434442
2018,Industrias manufactureras,Manufactura,2.166871414412075,-0.02716069270358267,0.1397093081230022,0.11254861541941952,0.007094395641702486,0.4401615037516677,0.4472558993933702,0.5897189624593877,1.296844519839055,-0.1550104704795248,1.731553011818918,2.2913575266317077,-0.1244861122196323
2018,"Electricidad, gas y agua","Electricidad, gas y agua",3.226174482023847,-0.05787254788227512,0.2484896378669017,0.1906170899846266,0.02185847067276908,1.151883994001252,1.173742464674021,1.451996022233712,0.1815024204910209,0.4278565803410838,2.0613550230658166,3.425714577724464,-0.1995400957006175
2018,Construcción,Construcción,-2.2740901075883,-0.1638787005350278,-0.318604827975543,-0.4824835285105708,0.01665994406243319,-0.3210740522134609,-0.3044141081510277,0.03446647476323735,-0.5334179181850024,-1.28756855724665,-1.786520000668415,-2.5734176373300133,0.2993275297417135
2018,"Comercio, hoteles y restaurantes","Comercio, hoteles y restaurantes",2.095451548741156,0.05656339242495645,-0.006905555782767726,0.04965783664218872,0.05610299504403048,0.1700468274536337,0.2261498224976642,0.01624266103484967,0.360816038612713,0.2003947676888748,0.5774534673364374,0.8532611264762904,1.242190422264866
2018,"Transporte, almacenamiento y comunicaciones",Transporte y comunicaciones,2.910502507226109,-0.04443121980356463,-0.6115347341867293,-0.655965953990294,0.5236844568369552,0.1989668133560453,0.7226512701930005,0.3723599334379948,-0.120025811833409,1.196626735648584,1.4489608572531698,1.5156461734558762,1.394856333770233
2018,"Intermediación financiera, actividades inmobiliarias, empresariales y de alquiler",Finanzas e inmobiliarias,3.431698688602935,0.4884220978658184,0.3835862548616065,0.8720083527274249,0.119380184464463,1.88407329477716,2.0034534792416228,0.002350139137843796,0.001193477393687229,0.6136282195216436,0.6171718360531746,3.492633668022222,-0.06093497941928661
2018,"Actividades de servicios sociales, comunales y personales",Servicios sociales,4.484158709186392,0.9339520095946499,1.105652526295508,2.0396045358901578,0,0,0,0.0417039129332602,0.1497031818410389,1.76912142702228,1.960528521796579,4.000133057686737,0.484025651499655
2019,"Agricultura, ganadería, caza, silvicultura y pesca",Agricultura,3.377299599853512,-0.2062495799302093,-1.567971078933853,-1.7742206588640623,0.01072041119170867,0.4939276074846805,0.5046480186763892,-0.03405120065438531,1.008822427316711,0.7067751797615573,1.681546406423883,0.41197376623620996,2.965325833617302
2019,Minería y extracción,Minería,1.781628376146926,0.8151604065161507,-0.0797230714679651,0.7354373350481856,0.2640365632207899,1.148965334836366,1.413001898057156,0.3668030043563943,-0.009026235003191071,0.3547836948808963,0.7125604642340995,2.860999697339441,-1.079371321192514
2019,Industrias manufactureras,Manufactura,1.048017564674986,0.0005403418997694247,-0.1507199263464349,-0.1501795844466655,0.01215207768249581,0.4845524738015937,0.49670455148408954,0.01155984116892194,0.614233666510862,0.0865266740411321,0.712320181720916,1.05884514875834,-0.01082758408335449
2019,"Electricidad, gas y agua","Electricidad, gas y agua",3.278873618006006,0.2662264371042375,0.2810034638034594,0.5472299009076969,0.01429377923344543,0.7357553489480763,0.7500491281815217,1.044972064917892,0.1276728227470649,0.7886121614788949,1.961257049143852,3.25853607823307,0.02033753977293618
2019,Construcción,Construcción,-2.965465176324322,-0.178791501881407,0.4842679686462785,0.3054764667648715,0.01879941249127028,0.2931885241209364,0.31198793661220664,-0.06713922676112519,0.403355410255527,-1.764137223352464,-1.4279210398580622,-0.810456636480984,-2.155008539843339
2019,"Comercio, hoteles y restaurantes","Comercio, hoteles y restaurantes",2.919909100467954,0.09953805552115046,1.48949475012214,1.5890328056432905,0.1855535849522959,0.2669032264878783,0.4524568114401742,0.06850356765921256,-0.03494184978482254,0.7818163796454066,0.8153780975197966,2.8568677146032613,0.06304138586469277
2019,"Transporte, almacenamiento y comunicaciones",Transporte y comunicaciones,1.834649449113712,0.2367532467285033,0.2776108263692966,0.5143640730978,0.3817843105276336,0.2896594504052167,0.6714437609328503,0.3571440932725886,0.02302044764350106,0.1987106627091636,0.5788752036252534,1.7646830376559035,0.06996641145780869
2019,"Intermediación financiera, actividades inmobiliarias, empresariales y de alquiler",Finanzas e inmobiliarias,3.423022509146811,0.3596195266896048,0.6444533248070589,1.0040728514966637,0.1454937496167698,1.59680465256625,1.74229840218302,0.006049699520339822,-0.06090009258354794,0.6251653608169936,0.5703149677537854,3.316686221433469,0.1063362877133422
2019,"Actividades de servicios sociales, comunales y personales",Servicios sociales,6.247624287490883,0.6589731476512748,1.633825528130127,2.292798675781402,0,0,0,0.0519612444463662,0.4050786641875339,2.268323836297721,2.725363744931621,5.018162420713023,1.22946186677786
2020,"Agricultura, ganadería, caza, silvicultura y pesca",Agricultura,2.572923352608303,0.0826718147141844,-2.543261450352532,-2.4605896356383474,0.008160571124268944,0.2955978757911717,0.3037584469154406,0.05095574535579956,1.205661653781467,0.08329086248380044,1.3399082616210671,-0.8169229271018397,3.389846279710143
2020,Minería y extracción,Minería,-14.51975404382742,0.1341144972815989,-0.9129792370757288,-0.77886473979413,0.1806413682994542,0.03996953896792903,0.22061090726738325,-1.213029018491533,-0.2595629255406857,-4.005613165758702,-5.478205109790921,-6.036458942317667,-8.483295101509748
2020,Industrias manufactureras,Manufactura,-7.016095894799079,0.5900486513594665,-1.900630304457156,-1.3105816530976895,0.008355770161260524,0.1942481815914604,0.20260395175272092,-1.153370494732,-1.966782968524308,-0.8579397464114674,-3.9780932096677755,-5.086070911012744,-1.930024983786335
2020,"Electricidad, gas y agua","Electricidad, gas y agua",-1.700895896874943,-0.0840504602590694,0.03317111344227726,-0.05087934681679214,0.006362299906970988,0.06750100713902944,0.07386330704600043,-0.8492351608705989,0.128904770519698,-0.1264232786248551,-0.846753668975756,-0.8237697087465478,-0.8771261881283954
2020,Construcción,Construcción,-31.16413547168166,0.4955665539184271,-3.370244296240652,-2.874677742322225,0.01138035218125807,-0.5172712618249287,-0.5058909096436706,-0.2277277245545213,-10.36651175319567,-7.427663119998813,-18.021902597749005,-21.4024712497149,-9.761664221966765
2020,"Comercio, hoteles y restaurantes","Comercio, hoteles y restaurantes",-11.51822752059282,1.068033621871074,-9.266819956372911,-8.198786334501838,0.1247380287264361,-0.003102272493320607,0.1216357562331155,-0.1464992970848604,-3.700234346648046,-1.54754647722912,-5.394280120962026,-13.471430699230748,1.953203178637931
2020,"Transporte, almacenamiento y comunicaciones",Transporte y comunicaciones,-17.14479078426239,0.3093404892033028,-7.867628773944374,-7.558288284741072,0.2503354064990749,-0.06849168554456057,0.1818437209545143,-2.898035625350194,-0.6331209146967459,-5.166039110224975,-8.697195650271915,-16.07364021405847,-1.071150570203915
2020,"Intermediación financiera, actividades inmobiliarias, empresariales y de alquiler",Finanzas e inmobiliarias,-0.7989009277815207,0.604529079776608,-2.893448996424939,-2.288919916648331,0.1070208053042774,0.8802541294779025,0.9872749347821799,-0.01547200946565343,-0.05797047911026833,-0.1083280851536832,-0.18177057372960495,-1.483415555595756,0.6845146278142356
2020,"Actividades de servicios sociales, comunales y personales",Servicios sociales,-4.372590210361071,4.075884372619429,-7.306574923392755,-3.2306905507733257,0,0,0,-0.09847366931196941,-0.3119191614486916,-2.996114433189847,-3.406507263950508,-6.637197814723834,2.264607604362762
2021,"Agricultura, ganadería, caza, silvicultura y pesca",Agricultura,3.596780554619627,-0.3318477244632747,1.439426029834574,1.1075783053712993,0.01010108283337147,0.3749823748421476,0.38508345767551905,0.04429226673794526,1.237846838781057,-0.3827738346333548,0.8993652708856475,2.392027033932466,1.204753520687161
2021,Minería y extracción,Minería,0.01574823819838755,-2.302171790912451,3.605913236978761,1.3037414460663102,0.3130094821793894,0.575129309995141,0.8881387921745304,1.229434171226168,0.1672313758529093,-1.098121014586003,0.29854453249307444,2.490424770733915,-2.474676532535527
2021,Industrias manufactureras,Manufactura,12.66967005444508,-0.3393959781676923,-0.1964634619419242,-0.5358594401096165,0.0114942313821583,0.2974090990186732,0.3089033304008315,1.52020002916956,6.818318959072474,0.5862789997306123,8.924797987972648,8.697841878263862,3.971828176181219
2021,"Electricidad, gas y agua","Electricidad, gas y agua",5.357630574668537,0.1571870912065041,0.3049425389744503,0.4621296301809544,0.007456846655686277,0.4650817995216699,0.4725386461773562,1.560786846491186,0.3949658850246933,0.9927491800836996,2.948501911599579,3.88317018795789,1.474460386710647
2021,Construcción,Construcción,6.667275989432397,0.07209293258594823,3.658136434799348,3.730229367385296,0.009455356809696693,-0.1333592377288917,-0.12390388091919499,0.02084956275581965,6.205443211857762,-0.4560804496261134,5.770212324987469,9.37653781145357,-2.709261822021173
2021,"Comercio, hoteles y restaurantes","Comercio, hoteles y restaurantes",17.95562087948381,0.201930408786527,3.204104440252551,3.4060348490390777,0.1355630248671731,0.1467042878740933,0.2822673127412664,0.3593420167672122,3.35691081882486,4.13022981634098,7.8464826519330515,11.534784813713395,6.420836065770416
2021,"Transporte, almacenamiento y comunicaciones",Transporte y comunicaciones,16.46633731419769,0.1186895391102509,6.584715582802157,6.703405121912407,0.3846556649525248,0.2232293389760361,0.6078850039285609,2.330823696788667,0.8405113323118114,5.624975155703988,8.796310184804467,16.107600310645434,0.3587370035522532
2021,"Intermediación financiera, actividades inmobiliarias, empresariales y de alquiler",Finanzas e inmobiliarias,5.112681527491425,0.4715643102400505,8.293994818676996,8.765559128917047,0.1292866518165314,1.413669048167764,1.5429556999842955,0.01821750833589741,0.2270540534602357,1.259883817811357,1.5051553796074901,11.813670208508833,-6.700988681017407
2021,"Actividades de servicios sociales, comunales y personales",Servicios sociales,12.4950814029722,2.249829966104651,4.052860858149962,6.30269082425461,0.0368348222507229,0.0599293256229525,0.0967641478736754,0.126916332937361,1.661641244390559,4.20947165554375,5.998029232871669,12.397484204999959,0.09759719797223987
2022,"Agricultura, ganadería, caza, silvicultura y pesca",Agricultura,1.689640719001151,0.5023480996047922,-0.2512183760158637,0.251129723588928,0.01561063681956803,0.1550582956212697,0.1706689324408377,0.03999492145813185,1.742607082239623,0.3787237097158995,2.161325713413654,2.5831243694434196,-0.8934836504422696
2022,Minería y extracción,Minería,2.047737052456622,-0.6263225053633282,0.7376822654661029,0.1113597601027747,0.4930424848718275,1.33598535010325,1.829027834975077,0.8240459856533181,0.237792830912566,0.2222573709306296,1.2840961874965138,3.2244837825743655,-1.176746730117744
2022,Industrias manufactureras,Manufactura,7.576710835337686,0.3055986851824145,1.794973979523232,2.100572664705647,0.01774290706326141,0.6110242747181867,0.6287671817814481,1.020727907568897,4.151873277080848,0.2584723672266204,5.4310735518763655,8.16041339836346,-0.5837025630257742
2022,"Electricidad, gas y agua","Electricidad, gas y agua",3.989417645527116,0.02403309954949311,0.02702091095133984,0.05105401050083295,0.009920361850012653,0.3899401336285966,0.3998604954786092,1.720152835068639,0.6335939491420315,-0.1873040508215881,2.1664427333890828,2.617357239368525,1.372060406158591
2022,Construcción,Construcción,7.408015614248242,0.4666771534764678,0.6989724742420669,1.165649627718535,0.01250687223036943,0.1448052598409838,0.1573121320713532,-0.202575802590874,6.068906476381782,-0.5407688027595174,5.325561871031391,6.648523630821279,0.7594919834269636
2022,"Comercio, hoteles y restaurantes","Comercio, hoteles y restaurantes",13.55094582646528,0.3618766658370152,2.916989584105615,3.27886624994263,0.3032829241186138,0.5391485253394301,0.8424314494580439,0.7144878192350941,2.870867968600519,5.286381520726551,8.871737308562164,12.993035007962838,0.5579108185024388
2022,"Transporte, almacenamiento y comunicaciones",Transporte y comunicaciones,18.48385113417832,0.2689025125589073,3.57094855645642,3.839851069015327,0.6550529025074621,0.4993630076088714,1.154415910116334,3.310423474919514,1.287317574902514,6.438516022915657,11.036257072737685,16.030524051869346,2.453327082308974
2022,"Intermediación financiera, actividades inmobiliarias, empresariales y de alquiler",Finanzas e inmobiliarias,5.652919726788319,0.2742317187259589,1.464758593807631,1.73899031253359,0.1811737650408397,1.383241378736016,1.564415143776856,0.02254298770763794,0.3173806744376769,1.728337792049419,2.068261454194734,5.37166691050518,0.28125281628314
2022,"Actividades de servicios sociales, comunales y personales",Servicios sociales,6.713881064685001,-0.6957275873659852,4.120768046360002,3.425040458994017,0.06680476797507824,0.1844429947301694,0.2512477627052476,0.1059175441389037,1.648513420132642,1.933218415197414,3.6876493794689598,7.3639376011682245,-0.6500565364832234
2023,"Agricultura, ganadería, caza, silvicultura y pesca",Agricultura,1.423165648945179,-0.02103090161444906,0.5079499131105443,0.4869190114960952,0.003714185497957261,0.1575606031258528,0.1612747886238101,-0.007298843869298066,0.1730736706506447,0.1895951166022328,0.3553699433835794,1.0035637435034848,0.4196019054416946
2023,Minería y extracción,Minería,2.699971856519046,1.448569680635944,0.0127406767613318,1.461310357397276,-0.01706142593907069,0.6314449481419342,0.6143835222028635,0.2633561954494072,-0.02343362354437565,0.9845094014761054,1.224431973381137,3.3001258529812767,-0.6001539964622307
2023,Industrias manufactureras,Manufactura,-1.164133231868725,0.1738274753372957,-0.03597077066837248,0.1378567046689232,0.003376740481322873,0.3566714181970006,0.3600481586783235,0.8179373022177684,-1.870801146028952,0.430412940379273,-0.6224509034319105,-0.12454604008466374,-1.039587191784061
2023,"Electricidad, gas y agua","Electricidad, gas y agua",3.10550195373116,0.04806493236090378,0.5142706566975969,0.5623355890585007,0.004382934972073348,0.2662846853962109,0.2706676203682843,3.005516262939775,-0.8591818598287077,-0.2300817159806395,1.9162526871304277,2.7492558965572127,0.3562460571739474
2023,Construcción,Construcción,-2.900427473561251,0.1411321005626177,0.02021260109100534,0.1613447016536231,0.001713916184830608,-0.05753853444716049,-0.05582461826232989,0.06408670112899491,-2.961372997245082,1.306594366671948,-1.590691929444139,-1.4851718460528458,-1.415255627508405
2023,"Comercio, hoteles y restaurantes","Comercio, hoteles y restaurantes",-4.812392767027163,-0.05631910643116242,0.855280285961946,0.7989611795307836,-0.0008319240483887226,0.1383851125009143,0.1375531884525256,0.09450710751663105,-0.9059236324993877,-1.448354598564841,-2.2597711235475977,-1.3232567555642885,-3.489136011462874
2023,"Transporte, almacenamiento y comunicaciones",Transporte y comunicaciones,1.03441380324707,0.7012841077408005,2.164129170612733,2.865413278353533,0.0801245068523623,-0.01604245564159994,0.06408205121076237,0.1419297586629999,-0.4827742296910066,0.9483525840136152,0.6075081129856086,3.5370034425499037,-2.502589639302834
2023,"Intermediación financiera, actividades inmobiliarias, empresariales y de alquiler",Finanzas e inmobiliarias,3.492018459165624,0.2308995386617054,1.346655103945318,1.577554642607023,0.03267311578365056,1.051502722531241,1.084175838314892,0.01534170822074797,0.03001361478921517,0.9483631461997337,0.9937184692096969,3.655448950131612,-0.1634304909659878
2023,"Actividades de servicios sociales, comunales y personales",Servicios sociales,5.71208111081063,-0.5818786127356564,0.4451434305235745,-0.1367351822120819,0.003465375854026464,0.06820735746170878,0.07167273331573525,0.02712614618937382,0.2693721392403286,2.007923021375464,2.304421306805166,2.2393588579088197,3.47272225290181
2024,"Agricultura, ganadería, caza, silvicultura y pesca",Agricultura,5.127293751259554,0.1190598305557091,-0.4362446317003547,-0.3171848011446456,0.003039814272624191,0.5039626565443341,0.5070024708169584,0.05421391514853013,0.8764771723188737,0.2045536727812471,1.1352447602486508,1.3250624299209637,3.80223132133859
2024,Minería y extracción,Minería,-2.65111255483319,-0.8459867685548982,0.5816113168820743,-0.2643754516728238,0.05359964156151936,0.5248741562240646,0.578473797785584,-0.03953022725982096,-0.05010502421844689,-0.5448758047388012,-0.634511056217069,-0.3204127101043088,-2.330699844728882
2024,Industrias manufactureras,Manufactura,-2.092910879496568,0.08186247896495631,0.09468310424059709,0.1765455832055534,0.003258864277226386,0.333037480016915,0.3362963442941414,-0.7960104660440375,-0.4763452460154363,-0.1377770232423928,-1.4101327353018664,-0.8972908078021716,-1.195620071694396
2024,"Electricidad, gas y agua","Electricidad, gas y agua",2.245218958817041,-0.1299003515717326,-0.2947725801016929,-0.4246729316734255,0.002653071538535555,0.4261272379679657,0.4287803095065013,1.314587159148644,-0.04721751505651518,0.03603041004112286,1.3034000541332516,1.3075074319663273,0.9377115268507139
2024,Construcción,Construcción,-0.9773641581781511,0.01539527419192558,-0.502895258941376,-0.4874999847494504,0.002844957914223884,-0.04208255541793308,-0.03923759750370919,0.05178279779120371,-0.8306731197892543,-0.2053492189853527,-0.9842395409834033,-1.5109771232365627,0.5336129650584118
2024,"Comercio, hoteles y restaurantes","Comercio, hoteles y restaurantes",0.6009751908511163,0.2684571204986083,0.3861499967825134,0.6546071172811216,0.0395228960795561,0.1130193924988097,0.1525422885783658,-0.1304325454020895,0.03111275996588662,-0.01358739593998282,-0.1129071813761857,0.6942422244833018,-0.09326703363218547
2024,"Transporte, almacenamiento y comunicaciones",Transporte y comunicaciones,0.4665398270097931,-0.187967182088929,-0.8385721651930859,-1.026539347282015,0.09472684500353269,-0.01819224235147631,0.07653460265205639,0.209300873111812,0.07566324275645245,-0.01793007788395647,0.26703403798430797,-0.6829707066456507,1.149510533655444
2024,"Intermediación financiera, actividades inmobiliarias, empresariales y de alquiler",Finanzas e inmobiliarias,0.8949776529115105,0.2033497918223426,-0.8648786953916612,-0.6615289035693186,0.03632046027984417,0.9279623011592096,0.9642827614390538,0.02001897921547351,-0.05046544067529762,0.2149770611935073,0.1845305997336832,0.4872844576034184,0.4076931953080921
2024,"Actividades de servicios sociales, comunales y personales",Servicios sociales,4.13876479256432,-0.2177649953067567,0.2651054459290929,0.04734045062233622,0.008258086338160409,0.05942241738454055,0.06768050372270096,0.01608791773124158,0.1741879205799116,1.088494842633009,1.2787706809441621,1.3937916352891992,2.744973157275121
